{
    "normals": [0, 0, 1, 0, 0, 0.999969], 
    "name": "Plane.009Geometry", 
    "uvs": [], 
    "vertices": [2.3, 3.22, 0.399999, 2.3, 3.38, 0.4, 1.1, 3.22, 0.399999, 1.1, 3.38, 0.4, 2.3, 2.82, 0.399999, 2.3, 2.98, 0.4, 1.1, 2.82, 0.399999, 1.1, 2.98, 0.4, 2.42, 3.23, 0.4, 2.42, 3.3, 0.4, 2.46, 3.34, 0.4, 2.5, 3.15, 0.4, 2.5, 3.3, 0.4, 2.58, 3.23, 0.4, 2.58, 3.3, 0.4, 2.54, 3.34, 0.4, 2.7, 3.21, 0.4, 2.79, 3.21, 0.4, 2.7, 3.28, 0.4, 2.79, 3.28, 0.4, 2.75, 2.85, 0.4, 2.85, 2.85, 0.4, 2.8, 3.05, 0.4, 2.7, 3.29, 0.4, 2.79, 3.29, 0.4, 2.7, 3.33, 0.4, 2.79, 3.33, 0.4, 2.81, 3.21, 0.4, 2.9, 3.21, 0.4, 2.81, 3.28, 0.4, 2.9, 3.28, 0.4, 2.81, 3.29, 0.4, 2.9, 3.29, 0.4, 2.81, 3.33, 0.4, 2.9, 3.33, 0.4, 2.74, 3.16, 0.4, 2.79, 3.16, 0.4, 2.74, 3.2, 0.4, 2.79, 3.2, 0.4, 2.81, 3.16, 0.4, 2.86, 3.16, 0.4, 2.81, 3.2, 0.4, 2.86, 3.2, 0.4, 2.6, 3.05, 0.4, 2.4, 3.05, 0.4, 2.6, 2.85, 0.4, 2.4, 2.85, 0.4, 2.46667, 2.85, 0.4, 2.4, 2.91667, 0.4, 2.46667, 2.98333, 0.4, 2.53333, 2.91667, 0.4, 2.75, 3, 0.4, 2.85, 3, 0.4, 2.78, 3, 0.4, 2.82, 3, 0.4, 2.8, 3.02, 0.4, 2.8, 2.98, 0.4], 
    "metadata": {
        "version": 3, 
        "generator": "io_three", 
        "normals": 2, 
        "uvs": 0, 
        "vertices": 57, 
        "type": "Geometry", 
        "faces": 29
    }, 
    "faces": [33, 0, 1, 3, 2, 0, 0, 0, 0, 33, 4, 5, 7, 6, 0, 0, 0, 0, 32, 9, 8, 10, 0, 0, 0, 32, 8, 11, 13, 0, 0, 0, 32, 13, 14, 15, 0, 0, 0, 32, 8, 12, 10, 0, 0, 0, 32, 13, 15, 12, 0, 0, 0, 32, 8, 13, 12, 0, 0, 0, 33, 16, 17, 19, 18, 0, 0, 0, 0, 33, 23, 24, 26, 25, 0, 0, 0, 0, 33, 27, 28, 30, 29, 0, 0, 0, 0, 33, 31, 32, 34, 33, 0, 0, 0, 0, 33, 35, 36, 38, 37, 0, 0, 0, 0, 33, 39, 40, 42, 41, 0, 0, 0, 0, 32, 44, 49, 43, 0, 0, 0, 32, 49, 48, 46, 0, 0, 0, 32, 46, 47, 50, 0, 0, 0, 32, 50, 45, 43, 0, 0, 0, 32, 49, 46, 43, 0, 0, 0, 32, 46, 50, 43, 0, 0, 0, 32, 21, 52, 56, 1, 0, 0, 32, 52, 22, 55, 0, 1, 0, 32, 52, 54, 56, 0, 0, 0, 32, 52, 55, 54, 0, 0, 0, 32, 20, 21, 51, 0, 1, 0, 32, 21, 56, 53, 1, 0, 0, 32, 53, 55, 22, 0, 0, 1, 32, 21, 53, 51, 1, 0, 0, 32, 53, 22, 51, 0, 1, 0]
}