{
    "uvs": [], 
    "normals": [0, 0, 1, 0.252113, -0.252113, 0.934263, 0.178899, -0.178899, 0.967437, -0.24247, 0.029664, 0.969695, -0.202521, -0.238319, 0.949797], 
    "name": "Plane.002Geometry.1", 
    "vertices": [1.58, -3.4, 0.5, 1.58, -2.4, 0.500001, 0.58, -2.4, 0.500001, 0.88, -3.4, 0.5, 0.58, -3.1, 0.5, -3.9, -2.7, 0.5, -3.9, -1.7, 0.5, -2.9, -1.7, 0.5, -3.2, -2.7, 0.5, -2.9, -2.4, 0.5, 5.58, 3.3, 0.499999, 5.58, 4.3, 0.5, 4.58, 4.3, 0.5, 4.88, 3.3, 0.499999, 4.58, 3.6, 0.5, 0, 2.6, 0.499999, 0, 3.6, 0.5, 1, 3.6, 0.5, 0.7, 2.6, 0.499999, 1, 2.9, 0.5, 0.1, 3.2, 0.477913, 0.4, 3.5, 0.477913, 1.72869, 2.24427, -0, -3.8, -2.1, 0.477913, -3.5, -1.8, 0.477914, -2.78685, -2.85787, -0, 1.24246, -2.65284, 0.477913, 1.19091, -3.07396, 0.477913, -0.649027, -2.49299, -0, 4.85744, 3.99328, 0.477914, 5.18074, 3.71854, 0.477914, 3.81522, 2.97438, 0], 
    "metadata": {
        "version": 3, 
        "uvs": 0, 
        "normals": 5, 
        "vertices": 32, 
        "type": "Geometry", 
        "faces": 16, 
        "generator": "io_three"
    }, 
    "faces": [32, 0, 1, 3, 0, 0, 0, 32, 1, 2, 4, 0, 0, 0, 32, 1, 4, 3, 0, 0, 0, 32, 5, 8, 6, 0, 0, 0, 32, 8, 9, 7, 0, 0, 0, 32, 8, 7, 6, 0, 0, 0, 32, 10, 11, 13, 0, 0, 0, 32, 11, 12, 14, 0, 0, 0, 32, 11, 14, 13, 0, 0, 0, 32, 15, 18, 16, 0, 0, 0, 32, 18, 19, 17, 0, 0, 0, 32, 18, 17, 16, 0, 0, 0, 32, 24, 23, 25, 1, 1, 1, 32, 21, 20, 22, 2, 2, 2, 32, 27, 26, 28, 3, 3, 3, 32, 30, 29, 31, 4, 4, 4]
}