{
    "vertices": [0.099991, 5.8, 3e-06, 0.699992, 5.2, 2e-06, 0.899992, 5.2, 2e-06, 1.29999, 4.8, 1e-06, 1.29999, 4.4, 1e-06, 1.49999, 4.2, 0, 1.49999, 3.9, -0, 1.99999, 3.4, -1e-06, 1.99999, 3.7, -1e-06, 1.79999, 3.9, -1e-06, 1.89999, 3.9, -1e-06, 2.3, 3.5, -2e-06, 2.3, 3.3, -2e-06, 2.7, 2.9, -3e-06, 2.9, 2.9, -3e-06, 3, 2.80001, -3e-06, 3.3, 2.80001, -4e-06, 3.8, 3.30001, -4e-06, 4.09999, 3.30001, -5e-06, 4.1, 3.00001, -5e-06, 3.7, 2.60001, -4e-06, 3.7, 2.10001, -5e-06, 3.3, 1.7, -4e-06, 3, 1.7, -4e-06, 2.8, 1.5, -4e-06, 3, 1.30001, -4e-06, 2.6, 0.900004, -4e-06, 2.6, 0.400004, -4e-06, 1.8, -0.399997, -3e-06, 1.7, -0.399997, -3e-06, 1.3, 2e-06, -2e-06, 1.3, 0.200002, -2e-06, 1.8, 0.700003, -2e-06, 1.8, 1.1, -2e-06, 1.6, 1.3, -2e-06, 1.1, 1.3, -1e-06, 0.799998, 1.6, -0, 0.799997, 1.8, -0, 1.1, 2, -1e-06, 1.3, 2, -1e-06, 1.4, 2.1, -1e-06, 1.4, 2.6, -1e-06, 1.6, 2.8, -1e-06, 1.6, 3, -1e-06, 1.19999, 3.4, 0, 1.19999, 4, 0, 0.799994, 4.4, 1e-06, 0.799993, 4.6, 1e-06, 0.299993, 5.1, 3e-06, 0.299992, 5.4, 3e-06, -8e-06, 5.7, 3e-06, 0.199999, 0.7, 0, -1e-06, 0.7, 0, -0.4, 0.299999, 1e-06, -0.4, -0.200001, 1e-06, -0.599999, -0.400001, 1e-06, -0.799999, -0.400001, 1e-06, -0.799999, -0.900001, 1e-06, -1.4, -1.5, 1e-06, -1.4, -1.7, 1e-06, -2, -2.3, 2e-06, -2.6, -2.3, 3e-06, -3.4, -3.1, 4e-06, -3.4, -3.30001, 3e-06, -3.69999, -3.60001, 4e-06, -3.89999, -3.60001, 4e-06, -4.09999, -3.80001, 4e-06, -4.09999, -4.30001, 4e-06, -3.69999, -4.70001, 3e-06, -2.99999, -4.7, 2e-06, -2.79999, -4.9, 2e-06, -1.89999, -4.9, 0, -1.09999, -4.1, -1e-06, -1.1, -3.4, -0, 4e-06, -2.3, -1e-06, 0.400004, -2.3, -2e-06, 0.100003, -2, -1e-06, 0.100003, -1.8, -1e-06, 0.600002, -1.3, -2e-06, 0.600002, -0.999999, -2e-06, 1.1, -0.499998, -2e-06, 1.1, -0.299998, -2e-06, 0.900001, -0.099998, -2e-06, 0.9, 0.400002, -1e-06, 0.400001, -0.099999, -1e-06, 0.3, 1e-06, -0, 0.3, 0.300001, -0, 0.2, 0.400001, -0, 0.2, 0.300001, -0, -0, 0.5, 0, -3.29999, -5, 2e-06, -3.09999, -5, 2e-06, -2.89999, -5.2, 2e-06, -2.89999, -5.4, 1e-06, -3.09999, -5.4, 2e-06, -3.39999, -5.7, 2e-06, -3.39999, -5.5, 2e-06, -3.29999, -5.40001, 2e-06], 
    "uvs": [], 
    "normals": [0, 0, 1, 0, 0, 0.999969], 
    "faces": [32, 1, 0, 50, 0, 0, 0, 32, 49, 48, 47, 0, 0, 0, 32, 47, 46, 45, 0, 0, 0, 32, 45, 44, 43, 0, 0, 0, 32, 42, 41, 40, 0, 0, 0, 32, 39, 38, 37, 0, 0, 0, 32, 37, 36, 35, 0, 0, 0, 32, 32, 31, 30, 0, 0, 0, 32, 30, 29, 28, 0, 0, 0, 32, 28, 27, 26, 0, 0, 0, 32, 26, 25, 24, 0, 0, 0, 32, 23, 22, 21, 0, 0, 0, 32, 20, 19, 18, 0, 0, 0, 32, 18, 17, 16, 0, 0, 0, 32, 15, 14, 13, 0, 0, 0, 32, 12, 11, 10, 0, 0, 0, 32, 10, 9, 8, 0, 0, 0, 32, 6, 5, 4, 0, 0, 0, 32, 4, 3, 2, 0, 0, 0, 32, 1, 50, 49, 0, 0, 0, 32, 49, 47, 45, 0, 0, 0, 32, 39, 37, 35, 0, 0, 0, 32, 32, 30, 28, 0, 0, 0, 32, 28, 26, 24, 0, 0, 0, 32, 23, 21, 20, 0, 0, 0, 32, 20, 18, 16, 0, 0, 0, 32, 12, 10, 8, 0, 0, 0, 32, 6, 4, 2, 0, 0, 0, 32, 1, 49, 45, 0, 0, 0, 32, 40, 39, 35, 0, 0, 0, 32, 33, 32, 28, 0, 0, 0, 32, 24, 23, 20, 0, 0, 0, 32, 20, 16, 15, 0, 0, 0, 32, 12, 8, 7, 0, 0, 0, 32, 1, 6, 2, 0, 0, 0, 32, 40, 35, 34, 0, 0, 0, 32, 33, 28, 24, 0, 0, 0, 32, 24, 20, 15, 0, 0, 0, 32, 13, 12, 7, 0, 0, 0, 32, 1, 45, 6, 0, 0, 0, 32, 42, 40, 34, 0, 0, 0, 32, 34, 33, 24, 0, 0, 0, 32, 24, 15, 13, 0, 0, 0, 32, 45, 7, 6, 0, 0, 0, 32, 43, 42, 34, 0, 0, 0, 32, 34, 24, 13, 0, 0, 0, 32, 45, 43, 7, 0, 0, 0, 32, 43, 34, 13, 0, 0, 0, 32, 43, 13, 7, 0, 0, 0, 32, 52, 53, 51, 0, 0, 0, 32, 55, 56, 57, 0, 0, 0, 32, 57, 58, 59, 0, 0, 0, 32, 60, 61, 62, 0, 0, 0, 32, 64, 65, 66, 0, 0, 0, 32, 66, 67, 68, 0, 0, 0, 32, 69, 70, 71, 1, 0, 0, 32, 71, 72, 73, 0, 0, 0, 32, 74, 75, 76, 0, 1, 0, 32, 77, 78, 79, 0, 0, 0, 32, 79, 80, 81, 0, 0, 0, 32, 82, 83, 84, 0, 0, 0, 32, 85, 86, 87, 0, 0, 0, 32, 53, 89, 51, 0, 1, 0, 32, 54, 55, 57, 0, 0, 0, 32, 60, 62, 63, 0, 0, 0, 32, 64, 66, 68, 0, 0, 0, 32, 69, 71, 73, 1, 0, 0, 32, 73, 74, 76, 0, 0, 0, 32, 79, 81, 82, 0, 0, 0, 32, 85, 87, 88, 0, 0, 0, 32, 53, 88, 89, 0, 0, 1, 32, 60, 63, 64, 0, 0, 0, 32, 64, 68, 69, 0, 0, 1, 32, 69, 73, 76, 1, 0, 0, 32, 77, 79, 82, 0, 0, 0, 32, 53, 85, 88, 0, 0, 0, 32, 60, 64, 69, 0, 0, 1, 32, 69, 76, 77, 1, 0, 0, 32, 77, 82, 84, 0, 0, 0, 32, 53, 84, 85, 0, 0, 0, 32, 59, 60, 69, 0, 0, 1, 32, 69, 77, 84, 1, 0, 0, 32, 53, 54, 84, 0, 0, 0, 32, 57, 59, 69, 0, 0, 1, 32, 54, 57, 84, 0, 0, 0, 32, 57, 69, 84, 0, 1, 0, 32, 91, 90, 92, 0, 0, 0, 32, 97, 96, 95, 0, 0, 1, 32, 94, 93, 92, 0, 0, 0, 32, 90, 97, 92, 0, 0, 0, 32, 97, 95, 94, 0, 1, 0, 32, 97, 94, 92, 0, 0, 0], 
    "name": "PlaneGeometry.5", 
    "metadata": {
        "generator": "io_three", 
        "vertices": 98, 
        "version": 3, 
        "normals": 2, 
        "faces": 92, 
        "type": "Geometry", 
        "uvs": 0
    }
}